Feature,Importance
Age,0.09185171009057236
Gender,0.05227999452413398
Height,0.09814418851733679
Weight,0.3540646440134352
CALC,0.02869078759513826
FAVC,0.014685738002732313
FCVC,0.09178042638036538
NCP,0.04939810317757418
SCC,0.00498090707112594
SMOKE,0.0017462920575326152
CH2O,0.042897157704469564
family_history_with_overweight,0.030343492890092794
FAF,0.03928881298231666
TUE,0.04816974015207224
CAEC,0.031854186044487115
MTRANS,0.019823818796614736
